,price
2011-09-16,4645000
2011-09-17,4705000
2011-09-18,4705000
2011-09-19,4675000
2011-09-20,4680000
2011-09-21,4702000
2011-09-22,4665000
2011-09-23,4645000
2011-09-24,4535000
2011-09-25,4535000
2011-09-26,4480000
2011-09-27,4525000
2011-09-28,4430000
2011-09-29,4390000
2011-09-30,4400000
2011-10-01,4405000
2011-10-02,4405000
2011-10-03,4438000
2011-10-04,4500000
2011-10-05,4415000
2011-10-06,4365000
2011-10-07,4305000
2011-10-08,4300000
2011-10-09,4300000
2011-10-10,4289000
2011-10-11,4340000
2011-10-12,4380000
2011-10-13,4385000
2011-10-14,4395000
2011-10-15,4405000
2011-10-16,4405000
2011-10-17,4420000
2011-10-18,4370000
2011-10-19,4330000
2011-10-20,4280000
2011-10-21,4320000
2011-10-22,4380000
2011-10-23,4380000
2011-10-24,4380000
2011-10-25,4380000
2011-10-26,4460000
2011-10-27,4465000
2011-10-28,4495000
2011-10-29,4500000
2011-10-30,4500000
2011-10-31,4455000
2011-11-01,4465000
2011-11-02,4500000
2011-11-03,4495000
2011-11-04,4540000
2011-11-05,4530000
2011-11-06,4530000
2011-11-07,4560000
2011-11-08,4635000
2011-11-09,4635000
2011-11-10,4610000
2011-11-11,4595000
2011-11-12,4625000
2011-11-13,4625000
2011-11-14,4640000
2011-11-15,4610000
2011-11-16,4615000
2011-11-17,4608000
2011-11-18,4575000
2011-11-19,4575000
2011-11-20,4575000
2011-11-21,4555000
2011-11-22,4415000
2011-11-23,4445000
2011-11-24,4425000
2011-11-25,4425000
2011-11-26,4440000
2011-11-27,4440000
2011-11-28,4487000
2011-11-29,4470000
2011-11-30,4455000
2011-12-01,4515000
2011-12-02,4508000
2011-12-03,4507000
2011-12-04,4507000
2011-12-05,4519000
2011-12-06,4450000
2011-12-07,4476000
2011-12-08,4489000
2011-12-09,4457000
2011-12-10,4465000
2011-12-11,4465000
2011-12-12,4435000
2011-12-13,4390000
2011-12-14,4379000
2011-12-15,4300000
2011-12-16,4335000
2011-12-17,4360000
2011-12-18,4360000
2011-12-19,4335000
2011-12-20,4310000
2011-12-21,4315000
2011-12-22,4305000
2011-12-23,4315000
2011-12-24,4315000
2011-12-25,4315000
2011-12-26,4310000
2011-12-27,4290000
2011-12-28,4235000
2011-12-29,4162000
2011-12-30,4080000
2011-12-31,4080000
2012-01-01,4080000
2012-01-02,4080000
2012-01-03,4320000
2012-01-04,4330000
2012-01-05,4330000
2012-01-06,4320000
2012-01-07,4320000
2012-01-08,4320000
2012-01-09,4305000
2012-01-10,4300000
2012-01-11,4330000
2012-01-12,4355000
2012-01-13,4345000
2012-01-14,4340000
2012-01-15,4340000
2012-01-16,4320000
2012-01-17,4365000
2012-01-18,4355000
2012-01-19,4380000
2012-01-20,4425000
2012-01-21,4460000
2012-01-22,4460000
2012-01-23,4460000
2012-01-24,4460000
2012-01-25,4460000
2012-01-26,4460000
2012-01-27,4460000
2012-01-28,4460000
2012-01-29,4460000
2012-01-30,4470000
2012-01-31,4503000
2012-02-01,4510000
2012-02-02,4513000
2012-02-03,4510000
2012-02-04,4465000
2012-02-05,4465000
2012-02-06,4455000
2012-02-07,4470000
2012-02-08,4485000
2012-02-09,4458000
2012-02-10,4445000
2012-02-11,4453000
2012-02-12,4453000
2012-02-13,4462000
2012-02-14,4450000
2012-02-15,4460000
2012-02-16,4448000
2012-02-17,4455000
2012-02-18,4450000
2012-02-19,4450000
2012-02-20,4455000
2012-02-21,4460000
2012-02-22,4470000
2012-02-23,4500000
2012-02-24,4509000
2012-02-25,4509000
2012-02-26,4506000
2012-02-27,4493000
2012-02-28,4490000
2012-02-29,4512000
2012-03-01,4464000
2012-03-02,4460000
2012-03-03,4460000
2012-03-04,4450000
2012-03-05,4472000
2012-03-06,4445000
2012-03-07,4418000
2012-03-08,4458000
2012-03-09,4449000
2012-03-10,4449000
2012-03-11,4465000
2012-03-12,4456000
2012-03-13,4461000
2012-03-14,4438000
2012-03-15,4393000
2012-03-16,4402000
2012-03-17,4407000
2012-03-18,4407000
2012-03-19,4389000
2012-03-20,4350000
2012-03-21,4360000
2012-03-22,4355000
2012-03-23,4368000
2012-03-24,4380000
2012-03-25,4380000
2012-03-26,4385000
2012-03-27,4423000
2012-03-28,4407000
2012-03-29,4378000
2012-03-30,4392000
2012-03-31,4392000
2012-04-01,4392000
2012-04-02,4392000
2012-04-03,4376000
2012-04-04,4345000
2012-04-05,4353000
2012-04-06,4334000
2012-04-07,4332000
2012-04-08,4332000
2012-04-09,4330000
2012-04-10,4320000
2012-04-11,4321000
2012-04-12,4314000
2012-04-13,4318000
2012-04-14,4323000
2012-04-15,4323000
2012-04-16,4280000
2012-04-17,4270000
2012-04-18,4261000
2012-04-19,4240000
2012-04-20,4238000
2012-04-21,4246000
2012-04-22,4246000
2012-04-23,4282000
2012-04-24,4259000
2012-04-25,4276000
2012-04-26,4277000
2012-04-27,4279000
2012-04-28,4280000
2012-04-29,4280000
2012-04-30,4280000
2012-05-01,4280000
2012-05-02,4268000
2012-05-03,4240000
2012-05-04,4220000
2012-05-05,4238000
2012-05-06,4238000
2012-05-07,4239000
2012-05-08,4157000
2012-05-09,4132000
2012-05-10,4162000
2012-05-11,4162000
2012-05-12,4159000
2012-05-13,4159000
2012-05-14,4146000
2012-05-15,4115000
2012-05-16,4078000
2012-05-17,4095000
2012-05-18,4175000
2012-05-19,4190000
2012-05-20,4190000
2012-05-21,4200000
2012-05-22,4155000
2012-05-23,4116000
2012-05-24,4116000
2012-05-25,4125000
2012-05-26,4145000
2012-05-27,4145000
2012-05-28,4140000
2012-05-29,4135000
2012-05-30,4108000
2012-05-31,4126000
2012-06-01,4113000
2012-06-02,4180000
2012-06-03,4180000
2012-06-04,4204000
2012-06-05,4208000
2012-06-06,4200100
2012-06-07,4232000
2012-06-08,4180000
2012-06-09,4191000
2012-06-10,4191000
2012-06-11,4188000
2012-06-12,4186000
2012-06-13,4207000
2012-06-14,4215000
2012-06-15,4218000
2012-06-16,4181000
2012-06-17,4181000
2012-06-18,4218000
2012-06-19,4225000
2012-06-20,4214000
2012-06-21,4193000
2012-06-22,4174000
2012-06-23,4176000
2012-06-24,4176000
2012-06-25,4169000
2012-06-26,4177000
2012-06-27,4161000
2012-06-28,4163000
2012-06-29,4167000
2012-06-30,4186000
2012-07-01,4186000
2012-07-02,4189000
2012-07-03,4199000
2012-07-04,4206000
2012-07-05,4202000
2012-07-06,4182000
2012-07-07,4175000
2012-07-08,4175000
2012-07-09,4174000
2012-07-10,4184000
2012-07-11,4169000
2012-07-12,4156000
2012-07-13,4174000
2012-07-14,4154000
2012-07-15,4154000
2012-07-16,4172000
2012-07-17,4183000
2012-07-18,4171000
2012-07-19,4178000
2012-07-20,4172000
2012-07-21,4174000
2012-07-22,4174000
2012-07-23,4163000
2012-07-24,4165000
2012-07-25,4166000
2012-07-26,4193000
2012-07-27,4206000
2012-07-28,4206000
2012-07-29,4206000
2012-07-30,4201000
2012-07-31,4205000
2012-08-01,4193000
2012-08-02,4193000
2012-08-03,4193000
2012-08-04,4198000
2012-08-05,4198000
2012-08-06,4209000
2012-08-07,4225000
2012-08-08,4218000
2012-08-09,4223000
2012-08-10,4223000
2012-08-11,4229000
2012-08-12,4229000
2012-08-13,4248000
2012-08-14,4246000
2012-08-15,4224000
2012-08-16,4233000
2012-08-17,4250000
2012-08-18,4247000
2012-08-19,4247000
2012-08-20,4251000
2012-08-21,4290000
2012-08-22,4363000
2012-08-23,4405000
2012-08-24,4405000
2012-08-25,4417000
2012-08-26,4417000
2012-08-27,4440000
2012-08-28,4440000
2012-08-29,4445000
2012-08-30,4438000
2012-08-31,4440000
2012-09-01,4500000
2012-09-02,4500000
2012-09-03,4500000
2012-09-04,4504000
2012-09-05,4518000
2012-09-06,4593000
2012-09-07,4540000
2012-09-08,4605000
2012-09-09,4605000
2012-09-10,4610000
2012-09-11,4611000
2012-09-12,4647000
2012-09-13,4632000
2012-09-14,4714000
2012-09-15,4680000
2012-09-16,4680000
2012-09-17,4670000
2012-09-18,4653000
2012-09-19,4710000
2012-09-20,4680000
2012-09-21,4698000
2012-09-22,4697000
2012-09-23,4697000
2012-09-24,4682000
2012-09-25,4697000
2012-09-26,4707000
2012-09-27,4701000
2012-09-28,4736000
2012-09-29,4725000
2012-09-30,4725000
2012-10-01,4738000
2012-10-02,4770000
2012-10-03,4770000
2012-10-04,4800000
2012-10-05,4805000
2012-10-06,4780000
2012-10-07,4780000
2012-10-08,4773000
2012-10-09,4770000
2012-10-10,4750000
2012-10-11,4763000
2012-10-12,4765000
2012-10-13,4737000
2012-10-14,4737000
2012-10-15,4709000
2012-10-16,4665000
2012-10-17,4696000
2012-10-18,4693000
2012-10-19,4679000
2012-10-20,4655000
2012-10-21,4655000
2012-10-22,4620000
2012-10-23,4622000
2012-10-24,4616000
2012-10-25,4630000
2012-10-26,4620000
2012-10-27,4625000
2012-10-28,4625000
2012-10-29,4620000
2012-10-30,4609000
2012-10-31,4598000
2012-11-01,4630000
2012-11-02,4628000
2012-11-03,4580000
2012-11-04,4580000
2012-11-05,4582000
2012-11-06,4610000
2012-11-07,4690000
2012-11-08,4673000
2012-11-09,4694000
2012-11-10,4688000
2012-11-11,4688000
2012-11-12,4690000
2012-11-13,4680000
2012-11-14,4691000
2012-11-15,4696000
2012-11-16,4682000
2012-11-17,4685000
2012-11-18,4685000
2012-11-19,4698000
2012-11-20,4719000
2012-11-21,4705000
2012-11-22,4705000
2012-11-23,4700000
2012-11-24,4727000
2012-11-25,4727000
2012-11-26,4723000
2012-11-27,4722000
2012-11-28,4715000
2012-11-29,4705000
2012-11-30,4702000
2012-12-01,4684000
2012-12-02,4684000
2012-12-03,4686000
2012-12-04,4676000
2012-12-05,4678000
2012-12-06,4665000
2012-12-07,4678000
2012-12-08,4681000
2012-12-09,4681000
2012-12-10,4688000
2012-12-11,4687000
2012-12-12,4687000
2012-12-13,4669000
2012-12-14,4668000
2012-12-15,4669000
2012-12-16,4669000
2012-12-17,4662000
2012-12-18,4666000
2012-12-19,4638000
2012-12-20,4641000
2012-12-21,4620000
2012-12-22,4629000
2012-12-23,4629000
2012-12-24,4650000
2012-12-25,4640000
2012-12-26,4610000
2012-12-27,4545000
2012-12-28,4560000
2012-12-29,4570000
2012-12-30,4570000
2012-12-31,4584000
2013-01-01,4584000
2013-01-02,4636000
2013-01-03,4650000
2013-01-04,4618000
2013-01-05,4638000
2013-01-06,4638000
2013-01-07,4635000
2013-01-08,4631000
2013-01-09,4630000
2013-01-10,4595000
2013-01-11,4555000
2013-01-12,4460000
2013-01-13,4460000
2013-01-14,4420000
2013-01-15,4490000
2013-01-16,4505000
2013-01-17,4522000
2013-01-18,4565000
2013-01-19,4550000
2013-01-20,4550000
2013-01-21,4575000
2013-01-22,4604000
2013-01-23,4583000
2013-01-24,4550000
2013-01-25,4525000
2013-01-26,4520000
2013-01-27,4520000
2013-01-28,4508000
2013-01-29,4525000
2013-01-30,4533000
2013-01-31,4543000
2013-02-01,4527000
2013-02-02,4535000
2013-02-03,4535000
2013-02-04,4535000
2013-02-05,4540000
2013-02-06,4534000
2013-02-07,4557000
2013-02-08,4561000
2013-02-09,4561000
2013-02-10,4561000
2013-02-11,4561000
2013-02-12,4561000
2013-02-13,4561000
2013-02-14,4561000
2013-02-15,4561000
2013-02-16,4561000
2013-02-17,4561000
2013-02-18,4516000
2013-02-19,4522000
2013-02-20,4503000
2013-02-21,4480000
2013-02-22,4496000
2013-02-23,4496000
2013-02-24,4496000
2013-02-25,4494000
2013-02-26,4456000
2013-02-27,4345000
2013-02-28,4318000
2013-03-01,4333000
2013-03-02,4373000
2013-03-03,4373000
2013-03-04,4365000
2013-03-05,4376000
2013-03-06,4396000
2013-03-07,4392000
2013-03-08,4390000
2013-03-09,4386000
2013-03-10,4386000
2013-03-11,4382000
2013-03-12,4385000
2013-03-13,4405000
2013-03-14,4397000
2013-03-15,4400000
2013-03-16,4398000
2013-03-17,4398000
2013-03-18,4408000
2013-03-19,4402000
2013-03-20,4398000
2013-03-21,4390000
2013-03-22,4389000
2013-03-23,4386000
2013-03-24,4386000
2013-03-25,4375000
2013-03-26,4365000
2013-03-27,4337000
2013-03-28,4377000
2013-03-29,4378000
2013-03-30,4383000
2013-03-31,4383000
2013-04-01,4381000
2013-04-02,4384000
2013-04-03,4363000
2013-04-04,4323000
2013-04-05,4330000
2013-04-06,4348000
2013-04-07,4348000
2013-04-08,4340000
2013-04-09,4324000
2013-04-10,4323000
2013-04-11,4298000
2013-04-12,4282000
2013-04-13,4190000
2013-04-14,4190000
2013-04-15,4090000
2013-04-16,4060000
2013-04-17,4100000
2013-04-18,4100000
2013-04-19,4100000
2013-04-20,4150000
2013-04-21,4150000
2013-04-22,4190000
2013-04-23,4190000
2013-04-24,4200000
2013-04-25,4228000
2013-04-26,4270000
2013-04-27,4270000
2013-04-28,4270000
2013-04-29,4270000
2013-04-30,4270000
2013-05-01,4270000
2013-05-02,4226000
2013-05-03,4220000
2013-05-04,4212000
2013-05-05,4212000
2013-05-06,4180000
2013-05-07,4135000
2013-05-08,4127000
2013-05-09,4155000
2013-05-10,4131000
2013-05-11,4135000
2013-05-12,4135000
2013-05-13,4125000
2013-05-14,4117000
2013-05-15,4108000
2013-05-16,4070000
2013-05-17,4075000
2013-05-18,4060000
2013-05-19,4060000
2013-05-20,4040000
2013-05-21,4060000
2013-05-22,4080000
2013-05-23,4065000
2013-05-24,4070000
2013-05-25,4075000
2013-05-26,4075000
2013-05-27,4090000
2013-05-28,4079000
2013-05-29,4078000
2013-05-30,4090000
2013-05-31,4109000
2013-06-01,4089000
2013-06-02,4089000
2013-06-03,4095000
2013-06-04,4092000
2013-06-05,4092000
2013-06-06,4080000
2013-06-07,4078000
2013-06-08,4057000
2013-06-09,4057000
2013-06-10,4070000
2013-06-11,4055000
2013-06-12,4060000
2013-06-13,4056000
2013-06-14,4035000
2013-06-15,4030000
2013-06-16,4030000
2013-06-17,4025000
2013-06-18,3995000
2013-06-19,3983000
2013-06-20,3890000
2013-06-21,3900000
2013-06-22,3915000
2013-06-23,3915000
2013-06-24,3865000
2013-06-25,3850000
2013-06-26,3715000
2013-06-27,3600000
2013-06-28,3620000
2013-06-29,3720000
2013-06-30,3720000
2013-07-01,3690000
2013-07-02,3720000
2013-07-03,3720000
2013-07-04,3790000
2013-07-05,3780000
2013-07-06,3770000
2013-07-07,3770000
2013-07-08,3740000
2013-07-09,3740000
2013-07-10,3745000
2013-07-11,3730000
2013-07-12,3730000
2013-07-13,3737000
2013-07-14,3737000
2013-07-15,3745000
2013-07-16,3727000
2013-07-17,3745000
2013-07-18,3760000
2013-07-19,3748000
2013-07-20,3750000
2013-07-21,3750000
2013-07-22,3795000
2013-07-23,3850000
2013-07-24,3870000
2013-07-25,3800000
2013-07-26,3825000
2013-07-27,3835000
2013-07-28,3835000
2013-07-29,3820000
2013-07-30,3795000
2013-07-31,3790000
2013-08-01,3770000
2013-08-02,3748000
2013-08-03,3775000
2013-08-04,3775000
2013-08-05,3760000
2013-08-06,3748000
2013-08-07,3727000
2013-08-08,3750000
2013-08-09,3777000
2013-08-10,3775000
2013-08-11,3775000
2013-08-12,3785000
2013-08-13,3782000
2013-08-14,3765000
2013-08-15,3780000
2013-08-16,3802000
2013-08-17,3800000
2013-08-18,3800000
2013-08-19,3818000
2013-08-20,3798000
2013-08-21,3788000
2013-08-22,3782000
2013-08-23,3780000
2013-08-24,3805000
2013-08-25,3805000
2013-08-26,3798000
2013-08-27,3808000
2013-08-28,3860000
2013-08-29,3844000
2013-08-30,3830000
2013-08-31,3825000
2013-09-01,3825000
2013-09-02,3825000
2013-09-03,3824000
2013-09-04,3835000
2013-09-05,3837000
2013-09-06,3822000
2013-09-07,3836000
2013-09-08,3836000
2013-09-09,3838000
2013-09-10,3824000
2013-09-11,3804000
2013-09-12,3772000
2013-09-13,3740000
2013-09-14,3750000
2013-09-15,3750000
2013-09-16,3748000
2013-09-17,3747000
2013-09-18,3730000
2013-09-19,3787000
2013-09-20,3773000
2013-09-21,3745000
2013-09-22,3745000
2013-09-23,3750000
2013-09-24,3743000
2013-09-25,3740000
2013-09-26,3744000
2013-09-27,3738000
2013-09-28,3746000
2013-09-29,3746000
2013-09-30,3746000
2013-10-01,3750000
2013-10-02,3730000
2013-10-03,3738000
2013-10-04,3742000
2013-10-05,3740000
2013-10-06,3740000
2013-10-07,3741000
2013-10-08,3748000
2013-10-09,3740000
2013-10-10,3735000
2013-10-11,3727000
2013-10-12,3716000
2013-10-13,3716000
2013-10-14,3720000
2013-10-15,3703000
2013-10-16,3714000
2013-10-17,3725000
2013-10-18,3728000
2013-10-19,3727000
2013-10-20,3727000
2013-10-21,3727000
2013-10-22,3722000
2013-10-23,3732000
2013-10-24,3728000
2013-10-25,3727000
2013-10-26,3730000
2013-10-27,3730000
2013-10-28,3728000
2013-10-29,3722000
2013-10-30,3723000
2013-10-31,3710000
2013-11-01,3688000
2013-11-02,3688000
2013-11-03,3688000
2013-11-04,3675000
2013-11-05,3667000
2013-11-06,3667000
2013-11-07,3674000
2013-11-08,3666000
2013-11-09,3654000
2013-11-10,3654000
2013-11-11,3648000
2013-11-12,3646000
2013-11-13,3640000
2013-11-14,3648000
2013-11-15,3646000
2013-11-16,3649000
2013-11-17,3649000
2013-11-18,3647000
2013-11-19,3640000
2013-11-20,3638000
2013-11-21,3601000
2013-11-22,3594000
2013-11-23,3585000
2013-11-24,3585000
2013-11-25,3513000
2013-11-26,3546000
2013-11-27,3539000
2013-11-28,3522000
2013-11-29,3539000
2013-11-30,3551000
2013-12-01,3551000
2013-12-02,3539000
2013-12-03,3519000
2013-12-04,3517000
2013-12-05,3533000
2013-12-06,3531000
2013-12-07,3532000
2013-12-08,3532000
2013-12-09,3530000
2013-12-10,3545000
2013-12-11,3573000
2013-12-12,3564000
2013-12-13,3536000
2013-12-14,3549000
2013-12-15,3549000
2013-12-16,3535000
2013-12-17,3545000
2013-12-18,3543000
2013-12-19,3519000
2013-12-20,3508000
2013-12-21,3520000
2013-12-22,3520000
2013-12-23,3508000
2013-12-24,3503000
2013-12-25,3505000
2013-12-26,3508000
2013-12-27,3509000
2013-12-28,3503000
2013-12-29,3503000
2013-12-30,3491000
2013-12-31,3473000
2014-01-01,3473000
2014-01-02,3497000
2014-01-03,3504000
2014-01-04,3511000
2014-01-05,3511000
2014-01-06,3519000
2014-01-07,3516000
2014-01-08,3500000
2014-01-09,3503000
2014-01-10,3507000
2014-01-11,3520000
2014-01-12,3520000
2014-01-13,3518000
2014-01-14,3517000
2014-01-15,3498000
2014-01-16,3499000
2014-01-17,3505000
2014-01-18,3514000
2014-01-19,3514000
2014-01-20,3504000
2014-01-21,3500000
2014-01-22,3489000
2014-01-23,3498000
2014-01-24,3504000
2014-01-25,3519000
2014-01-26,3519000
2014-01-27,3530000
2014-01-28,3530000
2014-01-29,3530000
2014-01-30,3530000
2014-01-31,3530000
2014-02-01,3530000
2014-02-02,3530000
2014-02-03,3530000
2014-02-04,3530000
2014-02-05,3530000
2014-02-06,3528000
2014-02-07,3532000
2014-02-08,3541000
2014-02-09,3541000
2014-02-10,3541000
2014-02-11,3551000
2014-02-12,3550000
2014-02-13,3548000
2014-02-14,3588000
2014-02-15,3613000
2014-02-16,3613000
2014-02-17,3670000
2014-02-18,3646000
2014-02-19,3634000
2014-02-20,3607000
2014-02-21,3614000
2014-02-22,3615000
2014-02-23,3615000
2014-02-24,3628000
2014-02-25,3637000
2014-02-26,3638000
2014-02-27,3613000
2014-02-28,3613000
2014-03-01,3610000
2014-03-02,3610000
2014-03-03,3628000
2014-03-04,3616000
2014-03-05,3610000
2014-03-06,3608000
2014-03-07,3617000
2014-03-08,3611000
2014-03-09,3611000
2014-03-10,3608000
2014-03-11,3617000
2014-03-12,3622000
2014-03-13,3628000
2014-03-14,3623000
2014-03-15,3636000
2014-03-16,3636000
2014-03-17,3634000
2014-03-18,3621000
2014-03-19,3612000
2014-03-20,3592000
2014-03-21,3600000
2014-03-22,3600000
2014-03-23,3600000
2014-03-24,3587000
2014-03-25,3573000
2014-03-26,3572000
2014-03-27,3552000
2014-03-28,3553000
2014-03-29,3554000
2014-03-30,3554000
2014-03-31,3550000
2014-04-01,3539000
2014-04-02,3534000
2014-04-03,3539000
2014-04-04,3546000
2014-04-05,3559000
2014-04-06,3559000
2014-04-07,3559000
2014-04-08,3570000
2014-04-09,3570000
2014-04-10,3583000
2014-04-11,3575000
2014-04-12,3576000
2014-04-13,3576000
2014-04-14,3587000
2014-04-15,3566000
2014-04-16,3547000
2014-04-17,3546000
2014-04-18,3542000
2014-04-19,3544000
2014-04-20,3544000
2014-04-21,3536000
2014-04-22,3538000
2014-04-23,3536000
2014-04-24,3537000
2014-04-25,3547000
2014-04-26,3560000
2014-04-27,3560000
2014-04-28,3557000
2014-04-29,3542000
2014-04-30,3542000
2014-05-01,3542000
2014-05-02,3542000
2014-05-03,3542000
2014-05-04,3542000
2014-05-05,3554000
2014-05-06,3546000
2014-05-07,3546000
2014-05-08,3539000
2014-05-09,3545000
2014-05-10,3554000
2014-05-11,3554000
2014-05-12,3562000
2014-05-13,3569000
2014-05-14,3569000
2014-05-15,3633000
2014-05-16,3638000
2014-05-17,3643000
2014-05-18,3643000
2014-05-19,3647000
2014-05-20,3682000
2014-05-21,3706000
2014-05-22,3652000
2014-05-23,3668000
2014-05-24,3674000
2014-05-25,3674000
2014-05-26,3668000
2014-05-27,3666000
2014-05-28,3647000
2014-05-29,3640000
2014-05-30,3646000
2014-05-31,3638000
2014-06-01,3638000
2014-06-02,3626000
2014-06-03,3618000
2014-06-04,3600000
2014-06-05,3595000
2014-06-06,3627000
2014-06-07,3629000
2014-06-08,3626000
2014-06-09,3630000
2014-06-10,3630000
2014-06-11,3661000
2014-06-12,3658000
2014-06-13,3673000
2014-06-14,3667000
2014-06-15,3668000
2014-06-16,3663000
2014-06-17,3643000
2014-06-18,3650000
2014-06-19,3671000
2014-06-20,3689000
2014-06-21,3681000
2014-06-22,3675000
2014-06-23,3670000
2014-06-24,3682000
2014-06-25,3674000
2014-06-26,3671000
2014-06-27,3676000
2014-06-28,3675000
2014-06-29,3670000
2014-06-30,3675000
2014-07-01,3688000
2014-07-02,3685000
2014-07-03,3680000
2014-07-04,3677000
2014-07-05,3676000
2014-07-06,3675000
2014-07-07,3670000
2014-07-08,3677000
2014-07-09,3680000
2014-07-10,3691000
2014-07-11,3689000
2014-07-12,3688000
2014-07-13,3692500
2014-07-14,3680000
2014-07-15,3679000
2014-07-16,3671000
2014-07-17,3674000
2014-07-18,3676000
2014-07-19,3674000
2014-07-20,3677000
2014-07-21,3678000
2014-07-22,3669000
2014-07-23,3671000
2014-07-24,3665000
2014-07-25,3661000
2014-07-26,3670000
2014-07-27,3669000
2014-07-28,3665000
2014-07-29,3666000
2014-07-30,3663000
2014-07-31,3661000
2014-08-01,3654000
2014-08-02,3658000
2014-08-03,3659000
2014-08-04,3657000
2014-08-05,3656000
2014-08-06,3657000
2014-08-07,3665000
2014-08-08,3669000
2014-08-09,3667000
2014-08-10,3666000
2014-08-11,3665000
2014-08-12,3667000
2014-08-13,3665000
2014-08-14,3668000
2014-08-15,3664000
2014-08-16,3659000
2014-08-17,3658000
2014-08-18,3658000
2014-08-19,3657000
2014-08-20,3653000
2014-08-21,3643000
2014-08-22,3646000
2014-08-23,3646000
2014-08-24,3645000
2014-08-25,3639000
2014-08-26,3643000
2014-08-27,3642000
2014-08-28,3647000
2014-08-29,3643000
2014-08-30,3644000
2014-08-31,3644000
2014-09-01,3644000
2014-09-02,3644000
2014-09-03,3629000
2014-09-04,3634000
2014-09-05,3627000
2014-09-06,3629000
2014-09-07,3628000
2014-09-08,3630000
2014-09-09,3618000
2014-09-10,3606000
2014-09-11,3600000
2014-09-12,3593000
2014-09-13,3587000
2014-09-14,3588000
2014-09-15,3597000
2014-09-16,3607000
2014-09-17,3606000
2014-09-18,3595000
2014-09-19,3605000
2014-09-20,3601000
2014-09-21,3600000
2014-09-22,3587000
2014-09-23,3593000
2014-09-24,3594000
2014-09-25,3586000
2014-09-26,3594000
2014-09-27,3594000
2014-09-28,3591000
2014-09-29,3586000
2014-09-30,3573000
2014-10-01,3564000
2014-10-02,3571000
2014-10-03,3570000
2014-10-04,3553000
2014-10-05,3554000
2014-10-06,3562000
2014-10-07,3568000
2014-10-08,3574000
2014-10-09,3581000
2014-10-10,3575000
2014-10-11,3575000
2014-10-12,3578000
2014-10-13,3577000
2014-10-14,3575000
2014-10-15,3569000
2014-10-16,3584000
2014-10-17,3585000
2014-10-18,3582000
2014-10-19,3583000
2014-10-20,3579000
2014-10-21,3583000
2014-10-22,3576000
2014-10-23,3573000
2014-10-24,3564000
2014-10-25,3565000
2014-10-26,3566000
2014-10-27,3564000
2014-10-28,3562000
2014-10-29,3564000
2014-10-30,3550000
2014-10-31,3534000
2014-11-01,3535000
2014-11-02,3534000
2014-11-03,3534000
2014-11-04,3530000
2014-11-05,3503000
2014-11-06,3493000
2014-11-07,3491000
2014-11-08,3518000
2014-11-09,3517000
2014-11-10,3517000
2014-11-11,3501000
2014-11-12,3511000
2014-11-13,3509000
2014-11-14,3508000
2014-11-15,3531000
2014-11-16,3530000
2014-11-17,3528000
2014-11-18,3535000
2014-11-19,3537000
2014-11-20,3529000
2014-11-21,3533000
2014-11-22,3537000
2014-11-23,3538000
2014-11-24,3535000
2014-11-25,3535000
2014-11-26,3534000
2014-11-27,3521000
2014-11-28,3508000
2014-11-29,3500000
2014-11-30,3501000
2014-12-01,3507000
2014-12-02,3521000
2014-12-03,3519000
2014-12-04,3517000
2014-12-05,3513000
2014-12-06,3511000
2014-12-07,3508000
2014-12-08,3510000
2014-12-09,3515000
2014-12-10,3527000
2014-12-11,3519000
2014-12-12,3523000
2014-12-13,3523000
2014-12-14,3522000
2014-12-15,3523000
2014-12-16,3516000
2014-12-17,3514000
2014-12-18,3520000
2014-12-19,3520000
2014-12-20,3521000
2014-12-21,3520000
2014-12-22,3515000
2014-12-23,3509000
2014-12-24,3508000
2014-12-25,3507000
2014-12-26,3512000
2014-12-27,3513000
2014-12-28,3512000
2014-12-29,3512000
2014-12-30,3505000
2014-12-31,3470000
2015-01-01,3485000
2015-01-02,3485000
2015-01-03,3485000
2015-01-04,3485000
2015-01-05,3511000
2015-01-06,3519000
2015-01-07,3522000
2015-01-08,3514000
2015-01-09,3514000
2015-01-10,3521000
2015-01-11,3520000
2015-01-12,3522000
2015-01-13,3530000
2015-01-14,3522000
2015-01-15,3524000
2015-01-16,3539000
2015-01-17,3553000
2015-01-18,3552000
2015-01-19,3550000
2015-01-20,3551000
2015-01-21,3576000
2015-01-22,3565000
2015-01-23,3562000
2015-01-24,3561500
2015-01-25,3560000
2015-01-26,3541000
2015-01-27,3535000
2015-01-28,3539000
2015-01-29,3535000
2015-01-30,3527000
2015-01-31,3535000
2015-02-01,3536000
2015-02-02,3527000
2015-02-03,3532000
2015-02-04,3525000
2015-02-05,3527000
2015-02-06,3526000
2015-02-07,3514000
2015-02-08,3515000
2015-02-09,3522000
2015-02-10,3523000
2015-02-11,3524000
2015-02-12,3525000
2015-02-13,3533000
2015-02-14,3540000
2015-02-15,3539000
2015-02-16,3539000
2015-02-17,3539000
2015-02-18,3539000
2015-02-19,3539000
2015-02-20,3539000
2015-02-21,3539000
2015-02-22,3539000
2015-02-23,3539000
2015-02-24,3529000
2015-02-25,3541000
2015-02-26,3561000
2015-02-27,3546000
2015-02-28,3545000
2015-03-01,3547000
2015-03-02,3545000
2015-03-03,3539000
2015-03-04,3536000
2015-03-05,3532000
2015-03-06,3533000
2015-03-07,3517000
2015-03-08,3516000
2015-03-09,3524000
2015-03-10,3521000
2015-03-11,3522000
2015-03-12,3523000
2015-03-13,3527000
2015-03-14,3535000
2015-03-15,3534000
2015-03-16,3528000
2015-03-17,3522000
2015-03-18,3522000
2015-03-19,3526000
2015-03-20,3527000
2015-03-21,3530000
2015-03-22,3529000
2015-03-23,3527000
2015-03-24,3530000
2015-03-25,3528000
2015-03-26,3535000
2015-03-27,3527000
2015-03-28,3523000
2015-03-29,3526000
2015-03-30,3519000
2015-03-31,3513000
2015-04-01,3514000
2015-04-02,3521000
2015-04-03,3520000
2015-04-04,3525000
2015-04-05,3524000
2015-04-06,3530000
2015-04-07,3522000
2015-04-08,3519000
2015-04-09,3516000
2015-04-10,3519000
2015-04-11,3520000
2015-04-12,3519000
2015-04-13,3516000
2015-04-14,3512000
2015-04-15,3512000
2015-04-16,3517000
2015-04-17,3514000
2015-04-18,3515000
2015-04-19,3513000
2015-04-20,3507000
2015-04-21,3504000
2015-04-22,3507000
2015-04-23,3502000
2015-04-24,3505000
2015-04-25,3500000
2015-04-26,3499000
2015-04-27,3501000
2015-04-28,3505000
2015-04-29,3505000
2015-04-30,3505000
2015-05-01,3505000
2015-05-02,3505000
2015-05-03,3505000
2015-05-04,3499000
2015-05-05,3498000
2015-05-06,3499000
2015-05-07,3499000
2015-05-08,3500000
2015-05-09,3499000
2015-05-10,3500000
2015-05-11,3498000
2015-05-12,3496000
2015-05-13,3499000
2015-05-14,3503000
2015-05-15,3504000
2015-05-16,3508000
2015-05-17,3507500
2015-05-18,3505000
2015-05-19,3498000
2015-05-20,3497000
2015-05-21,3498000
2015-05-22,3495000
2015-05-23,3494000
2015-05-24,3493000
2015-05-25,3492000
2015-05-26,3489000
2015-05-27,3485000
2015-05-28,3487000
2015-05-29,3490000
2015-05-30,3491000
2015-05-31,3490000
2015-06-01,3489000
2015-06-02,3487000
2015-06-03,3487000
2015-06-04,3484000
2015-06-05,3477000
2015-06-06,3475000
2015-06-07,3476000
2015-06-08,3472000
2015-06-09,3473000
2015-06-10,3470000
2015-06-11,3467000
2015-06-12,3469000
2015-06-13,3469000
2015-06-14,3468000
2015-06-15,3466000
2015-06-16,3468000
2015-06-17,3466000
2015-06-18,3470000
2015-06-19,3470000
2015-06-20,3470000
2015-06-21,3469000
2015-06-22,3464000
2015-06-23,3452000
2015-06-24,3441000
2015-06-25,3435000
2015-06-26,3435000
2015-06-27,3436000
2015-06-28,3436000
2015-06-29,3442000
2015-06-30,3439000
2015-07-01,3436000
2015-07-02,3429000
2015-07-03,3428000
2015-07-04,3428000
2015-07-05,3428000
2015-07-06,3426000
2015-07-07,3422000
2015-07-08,3405000
2015-07-09,3400000
2015-07-10,3399000
2015-07-11,3400000
2015-07-12,3400000
2015-07-13,3394000
2015-07-14,3388000
2015-07-15,3367000
2015-07-16,3288000
2015-07-17,3324000
2015-07-18,3300000
2015-07-19,3300000
2015-07-20,3309000
2015-07-21,3309000
2015-07-22,3300000
2015-07-23,3308000
2015-07-24,3296000
2015-07-25,3306000
2015-07-26,3306000
2015-07-27,3300000
2015-07-28,3297000
2015-07-29,3300000
2015-07-30,3297000
2015-07-31,3296000
2015-08-01,3302000
2015-08-02,3302000
2015-08-03,3295000
2015-08-04,3291000
2015-08-05,3285000
2015-08-06,3279000
2015-08-07,3281000
2015-08-08,3282000
2015-08-09,3282000
2015-08-10,3285000
2015-08-11,3299000
2015-08-12,3345000
2015-08-13,3420000
2015-08-14,3384000
2015-08-15,3398000
2015-08-16,3398000
2015-08-17,3398000
2015-08-18,3398000
2015-08-19,3407000
2015-08-20,3423000
2015-08-21,3480000
2015-08-22,3490000
2015-08-23,3490000
2015-08-24,3504000
2015-08-25,3475000
2015-08-26,3420000
2015-08-27,3390000
2015-08-28,3420000
2015-08-29,3422000
2015-08-30,3422000
2015-08-31,3420000
2015-09-01,3429000
2015-09-02,3429000
2015-09-03,3405000
2015-09-04,3403000
2015-09-05,3406000
2015-09-06,3406000
2015-09-07,3400000
2015-09-08,3404000
2015-09-09,3406000
2015-09-10,3400000
2015-09-11,3398000
2015-09-12,3396000
2015-09-13,3396000
2015-09-14,3397000
2015-09-15,3398000
2015-09-16,3401000
2015-09-17,3403000
2015-09-18,3417000
2015-09-19,3419000
2015-09-20,3419000
2015-09-21,3416000
2015-09-22,3401000
2015-09-23,3396000
2015-09-24,3401000
2015-09-25,3403000
2015-09-26,3402000
2015-09-27,3402000
2015-09-28,3389000
2015-09-29,3378000
2015-09-30,3380000
2015-10-01,3374000
2015-10-02,3369000
2015-10-03,3387000
2015-10-04,3387000
2015-10-05,3378000
2015-10-06,3377000
2015-10-07,3381000
2015-10-08,3379000
2015-10-09,3383000
2015-10-10,3385000
2015-10-11,3385000
2015-10-12,3395000
2015-10-13,3386000
2015-10-14,3394000
2015-10-15,3410000
2015-10-16,3402000
2015-10-17,3396000
2015-10-18,3396000
2015-10-19,3389000
2015-10-20,3385000
2015-10-21,3387000
2015-10-22,3386000
2015-10-23,3390000
2015-10-24,3386000
2015-10-25,3386000
2015-10-26,3385000
2015-10-27,3383000
2015-10-28,3385000
2015-10-29,3378000
2015-10-30,3371000
2015-10-31,3370000
2015-11-01,3370000
2015-11-02,3367000
2015-11-03,3362000
2015-11-04,3345000
2015-11-05,3327000
2015-11-06,3339000
2015-11-07,3332000
2015-11-08,3332000
2015-11-09,3335000
2015-11-10,3336000
2015-11-11,3333000
2015-11-12,3332000
2015-11-13,3325000
2015-11-14,3326000
2015-11-15,3326000
2015-11-16,3339000
2015-11-17,3332000
2015-11-18,3320000
2015-11-19,3326000
2015-11-20,3333000
2015-11-21,3327000
2015-11-22,3327000
2015-11-23,3320000
2015-11-24,3319000
2015-11-25,3319000
2015-11-26,3320000
2015-11-27,3316000
2015-11-28,3309000
2015-11-29,3309000
2015-11-30,3298000
2015-12-01,3304000
2015-12-02,3299000
2015-12-03,3285000
2015-12-04,3294000
2015-12-05,3312000
2015-12-06,3312000
2015-12-07,3314000
2015-12-08,3310000
2015-12-09,3312000
2015-12-10,3308000
2015-12-11,3305000
2015-12-12,3306000
2015-12-13,3306000
2015-12-14,3303000
2015-12-15,3295000
2015-12-16,3299000
2015-12-17,3294000
2015-12-18,3289000
2015-12-19,3294000
2015-12-20,3294000
2015-12-21,3295000
2015-12-22,3296000
2015-12-23,3292000
2015-12-24,3297000
2015-12-25,3291000
2015-12-26,3296000
2015-12-27,3296000
2015-12-28,3287000
2015-12-29,3279000
2015-12-30,3262000
2015-12-31,3245000
2016-01-01,3245000
2016-01-02,3245000
2016-01-03,3245000
2016-01-04,3283000
2016-01-05,3281000
2016-01-06,3280000
2016-01-07,3292000
2016-01-08,3297000
2016-01-09,3303000
2016-01-10,3303000
2016-01-11,3302000
2016-01-12,3294000
2016-01-13,3276000
2016-01-14,3281000
2016-01-15,3277000
2016-01-16,3281000
2016-01-17,3281000
2016-01-18,3273000
2016-01-19,3274000
2016-01-20,3273000
2016-01-21,3278000
2016-01-22,3277000
2016-01-23,3278000
2016-01-24,3278000
2016-01-25,3285000
2016-01-26,3281000
2016-01-27,3285000
2016-01-28,3283000
2016-01-29,3277000
2016-01-30,3281000
2016-01-31,3281000
2016-02-01,3283000
2016-02-02,3288000
2016-02-03,3294000
2016-02-04,3311000
2016-02-05,3302000
2016-02-06,3302000
2016-02-07,3302000
2016-02-08,3302000
2016-02-09,3302000
2016-02-10,3302000
2016-02-11,3302000
2016-02-12,3302000
2016-02-13,3302000
2016-02-14,3302000
2016-02-15,3348000
2016-02-16,3355000
2016-02-17,3324000
2016-02-18,3330000
2016-02-19,3343000
2016-02-20,3346000
2016-02-21,3346000
2016-02-22,3328000
2016-02-23,3333000
2016-02-24,3348000
2016-02-25,3348000
2016-02-26,3340000
2016-02-27,3334000
2016-02-28,3334000
2016-02-29,3342000
2016-03-01,3350000
2016-03-02,3337000
2016-03-03,3339000
2016-03-04,3388000
2016-03-05,3379000
2016-03-06,3379000
2016-03-07,3390000
2016-03-08,3398000
2016-03-09,3376000
2016-03-10,3362000
2016-03-11,3383000
2016-03-12,3370000
2016-03-13,3370000
2016-03-14,3380000
2016-03-15,3359000
2016-03-16,3353000
2016-03-17,3375000
2016-03-18,3375000
2016-03-19,3373000
2016-03-20,3373000
2016-03-21,3357000
2016-03-22,3359000
2016-03-23,3348000
2016-03-24,3326000
2016-03-25,3327000
2016-03-26,3328000
2016-03-27,3328000
2016-03-28,3315000
2016-03-29,3313000
2016-03-30,3319000
2016-03-31,3320000
2016-04-01,3319000
2016-04-02,3313000
2016-04-03,3313000
2016-04-04,3312000
2016-04-05,3316000
2016-04-06,3310000
2016-04-07,3321000
2016-04-08,3316000
2016-04-09,3319000
2016-04-10,3319000
2016-04-11,3331000
2016-04-12,3346000
2016-04-13,3332000
2016-04-14,3326000
2016-04-15,3321000
2016-04-16,3321000
2016-04-17,3321000
2016-04-18,3321000
2016-04-19,3321000
2016-04-20,3331000
2016-04-21,3342000
2016-04-22,3333000
2016-04-23,3324000
2016-04-24,3324000
2016-04-25,3318000
2016-04-26,3319000
2016-04-27,3322000
2016-04-28,3341000
2016-04-29,3365000
2016-04-30,3365000
2016-05-01,3365000
2016-05-02,3365000
2016-05-03,3365000
2016-05-04,3384000
2016-05-05,3379000
2016-05-06,3393000
2016-05-07,3406000
2016-05-08,3406000
2016-05-09,3388000
2016-05-10,3378000
2016-05-11,3394000
2016-05-12,3389000
2016-05-13,3399000
2016-05-14,3394000
2016-05-15,3394000
2016-05-16,3408000
2016-05-17,3403000
2016-05-18,3403000
2016-05-19,3386000
2016-05-20,3389000
2016-05-21,3382000
2016-05-22,3382000
2016-05-23,3378000
2016-05-24,3364000
2016-05-25,3329000
2016-05-26,3340000
2016-05-27,3330000
2016-05-28,3328000
2016-05-29,3328000
2016-05-30,3318000
2016-05-31,3325000
2016-06-01,3336000
2016-06-02,3334000
2016-06-03,3329000
2016-06-04,3357000
2016-06-05,3357000
2016-06-06,3349000
2016-06-07,3345000
2016-06-08,3354000
2016-06-09,3367000
2016-06-10,3382000
2016-06-11,3394000
2016-06-12,3394000
2016-06-13,3415000
2016-06-14,3404000
2016-06-15,3414000
2016-06-16,3464000
2016-06-17,3423000
2016-06-18,3456000
2016-06-19,3456000
2016-06-20,3433000
2016-06-21,3422000
2016-06-22,3385000
2016-06-23,3400000
2016-06-24,3468000
2016-06-25,3485000
2016-06-26,3485000
2016-06-27,3508000
2016-06-28,3482000
2016-06-29,3506000
2016-06-30,3509000
2016-07-01,3543000
2016-07-02,3562000
2016-07-03,3562000
2016-07-04,3650000
2016-07-05,3655000
2016-07-06,3860000
2016-07-07,3680000
2016-07-08,3665000
2016-07-09,3710000
2016-07-10,3710000
2016-07-11,3705000
2016-07-12,3700000
2016-07-13,3673000
2016-07-14,3662000
2016-07-15,3665000
2016-07-16,3680000
2016-07-17,3680000
2016-07-18,3660000
2016-07-19,3660000
2016-07-20,3658000
2016-07-21,3649000
2016-07-22,3650000
2016-07-23,3644000
2016-07-24,3644000
2016-07-25,3639000
2016-07-26,3645000
2016-07-27,3639000
2016-07-28,3661000
2016-07-29,3646000
2016-07-30,3662000
2016-07-31,3662000
2016-08-01,3664000
2016-08-02,3677000
2016-08-03,3689000
2016-08-04,3676000
2016-08-05,3679000
2016-08-06,3641000
2016-08-07,3641000
2016-08-08,3643000
2016-08-09,3650000
2016-08-10,3668000
2016-08-11,3660000
2016-08-12,3651000
2016-08-13,3654000
2016-08-14,3654000
2016-08-15,3662000
2016-08-16,3668000
2016-08-17,3659000
2016-08-18,3663000
2016-08-19,3661000
2016-08-20,3655000
2016-08-21,3655000
2016-08-22,3651000
2016-08-23,3653000
2016-08-24,3651000
2016-08-25,3645000
2016-08-26,3650000
2016-08-27,3645000
2016-08-28,3645000
2016-08-29,3639000
2016-08-30,3637000
2016-08-31,3625000
2016-09-01,3605000
2016-09-02,3605000
2016-09-03,3605000
2016-09-04,3605000
2016-09-05,3627000
2016-09-06,3629000
2016-09-07,3646000
2016-09-08,3645000
2016-09-09,3631000
2016-09-10,3622000
2016-09-11,3622000
2016-09-12,3620000
2016-09-13,3622000
2016-09-14,3620000
2016-09-15,3616000
2016-09-16,3611000
2016-09-17,3609000
2016-09-18,3609000
2016-09-19,3614000
2016-09-20,3614000
2016-09-21,3622000
2016-09-22,3626000
2016-09-23,3624000
2016-09-24,3624000
2016-09-25,3624000
2016-09-26,3618000
2016-09-27,3616000
2016-09-28,3606000
2016-09-29,3604000
2016-09-30,3613000
2016-10-01,3605000
2016-10-02,3605000
2016-10-03,3602000
2016-10-04,3594000
2016-10-05,3540000
2016-10-06,3539000
2016-10-07,3538000
2016-10-08,3545000
2016-10-09,3545000
2016-10-10,3560000
2016-10-11,3556000
2016-10-12,3553000
2016-10-13,3555000
2016-10-14,3556000
2016-10-15,3554000
2016-10-16,3554000
2016-10-17,3555000
2016-10-18,3557000
2016-10-19,3563000
2016-10-20,3562000
2016-10-21,3558000
2016-10-22,3559000
2016-10-23,3559000
2016-10-24,3562000
2016-10-25,3565000
2016-10-26,3570000
2016-10-27,3569000
2016-10-28,3567000
2016-10-29,3574000
2016-10-30,3574000
2016-10-31,3573000
2016-11-01,3584000
2016-11-02,3623000
2016-11-03,3605000
2016-11-04,3610000
2016-11-05,3605000
2016-11-06,3605000
2016-11-07,3595000
2016-11-08,3598000
2016-11-09,3670000
2016-11-10,3620000
2016-11-11,3590000
2016-11-12,3550000
2016-11-13,3550000
2016-11-14,3570000
2016-11-15,3575000
2016-11-16,3582000
2016-11-17,3580000
2016-11-18,3564000
2016-11-19,3572000
2016-11-20,3572000
2016-11-21,3573000
2016-11-22,3580000
2016-11-23,3570000
2016-11-24,3546000
2016-11-25,3553000
2016-11-26,3562000
2016-11-27,3562000
2016-11-28,3564000
2016-11-29,3568000
2016-11-30,3572000
2016-12-01,3568000
2016-12-02,3590000
2016-12-03,3603000
2016-12-04,3603000
2016-12-05,3615000
2016-12-06,3635000
2016-12-07,3613000
2016-12-08,3625000
2016-12-09,3590000
2016-12-10,3575000
2016-12-11,3575000
2016-12-12,3580000
2016-12-13,3595000
2016-12-14,3610000
2016-12-15,3565000
2016-12-16,3562000
2016-12-17,3575000
2016-12-18,3575000
2016-12-19,3595000
2016-12-20,3605000
2016-12-21,3610000
2016-12-22,3598000
2016-12-23,3602000
2016-12-24,3614000
2016-12-25,3614000
2016-12-26,3600000
2016-12-27,3615000
2016-12-28,3620000
2016-12-29,3595000
2016-12-30,3580000
2016-12-31,3500000
2017-01-01,3500000
2017-01-02,3500000
2017-01-03,3623000
2017-01-04,3636000
2017-01-05,3647000
2017-01-06,3642000
2017-01-07,3650000
2017-01-08,3650000
2017-01-09,3642000
2017-01-10,3644000
2017-01-11,3647000
2017-01-12,3664000
2017-01-13,3656000
2017-01-14,3656000
2017-01-15,3656000
2017-01-16,3655000
2017-01-17,3660000
2017-01-18,3660000
2017-01-19,3648000
2017-01-20,3648000
2017-01-21,3650000
2017-01-22,3650000
2017-01-23,3660000
2017-01-24,3678000
2017-01-25,3677000
2017-01-26,3677000
2017-01-27,3677000
2017-01-28,3677000
2017-01-29,3677000
2017-01-30,3677000
2017-01-31,3677000
2017-02-01,3677000
2017-02-02,3758000
2017-02-03,3730000
2017-02-04,3720000
2017-02-05,3720000
2017-02-06,3667000
2017-02-07,3673000
2017-02-08,3690000
2017-02-09,3712000
2017-02-10,3686000
2017-02-11,3691000
2017-02-12,3691000
2017-02-13,3675000
2017-02-14,3677000
2017-02-15,3682000
2017-02-16,3693000
2017-02-17,3690000
2017-02-18,3681000
2017-02-19,3681000
2017-02-20,3685000
2017-02-21,3676000
2017-02-22,3682000
2017-02-23,3676000
2017-02-24,3688000
2017-02-25,3684000
2017-02-26,3684000
2017-02-27,3678000
2017-02-28,3676000
2017-03-01,3678000
2017-03-02,3677000
2017-03-03,3669000
2017-03-04,3674000
2017-03-05,3674000
2017-03-06,3665000
2017-03-07,3659000
2017-03-08,3649000
2017-03-09,3649000
2017-03-10,3646000
2017-03-11,3652000
2017-03-12,3652000
2017-03-13,3655000
2017-03-14,3654000
2017-03-15,3655000
2017-03-16,3667000
2017-03-17,3659000
2017-03-18,3661000
2017-03-19,3661000
2017-03-20,3657000
2017-03-21,3650000
2017-03-22,3654000
2017-03-23,3654000
2017-03-24,3649000
2017-03-25,3655000
2017-03-26,3655000
2017-03-27,3650000
2017-03-28,3653000
2017-03-29,3650000
2017-03-30,3643000
2017-03-31,3635000
2017-04-01,3641000
2017-04-02,3641000
2017-04-03,3638000
2017-04-04,3644000
2017-04-05,3640000
2017-04-06,3640000
2017-04-07,3649000
2017-04-08,3649000
2017-04-09,3649000
2017-04-10,3646000
2017-04-11,3647000
2017-04-12,3662000
2017-04-13,3677000
2017-04-14,3702000
2017-04-15,3697000
2017-04-16,3697000
2017-04-17,3677000
2017-04-18,3673000
2017-04-19,3665000
2017-04-20,3666000
2017-04-21,3673000
2017-04-22,3674000
2017-04-23,3674000
2017-04-24,3664000
2017-04-25,3663000
2017-04-26,3662000
2017-04-27,3663000
2017-04-28,3672000
2017-04-29,3672000
2017-04-30,3672000
2017-05-01,3672000
2017-05-02,3672000
2017-05-03,3657000
2017-05-04,3643000
2017-05-05,3653000
2017-05-06,3650000
2017-05-07,3650000
2017-05-08,3650000
2017-05-09,3648000
2017-05-10,3644000
2017-05-11,3643000
2017-05-12,3649000
2017-05-13,3649000
2017-05-14,3649000
2017-05-15,3648000
2017-05-16,3649000
2017-05-17,3651000
2017-05-18,3658000
2017-05-19,3651000
2017-05-20,3651000
2017-05-21,3651000
2017-05-22,3648000
2017-05-23,3647000
2017-05-24,3642000
2017-05-25,3641000
2017-05-26,3648000
2017-05-27,3647000
2017-05-28,3647000
2017-05-29,3640000
2017-05-30,3634000
2017-05-31,3632000
2017-06-01,3631000
2017-06-02,3631000
2017-06-03,3643000
2017-06-04,3643000
2017-06-05,3642000
2017-06-06,3644000
2017-06-07,3648000
2017-06-08,3643000
2017-06-09,3640000
2017-06-10,3634000
2017-06-11,3634000
2017-06-12,3633000
2017-06-13,3629000
2017-06-14,3634000
2017-06-15,3631000
2017-06-16,3626000
2017-06-17,3628000
2017-06-18,3628000
2017-06-19,3625000
2017-06-20,3627000
2017-06-21,3623000
2017-06-22,3629000
2017-06-23,3634000
2017-06-24,3635000
2017-06-25,3635000
2017-06-26,3622000
2017-06-27,3626000
2017-06-28,3626000
2017-06-29,3626000
2017-06-30,3626000
2017-07-01,3627000
2017-07-02,3627000
2017-07-03,3621000
2017-07-04,3616000
2017-07-05,3617000
2017-07-06,3619000
2017-07-07,3620000
2017-07-08,3616000
2017-07-09,3616000
2017-07-10,3615000
2017-07-11,3614000
2017-07-12,3620000
2017-07-13,3624000
2017-07-14,3622000
2017-07-15,3629000
2017-07-16,3629000
2017-07-17,3630000
2017-07-18,3632000
2017-07-19,3628000
2017-07-20,3626000
2017-07-21,3628000
2017-07-22,3630000
2017-07-23,3630000
2017-07-24,3628000
2017-07-25,3621000
2017-07-26,3616000
2017-07-27,3622000
2017-07-28,3621000
2017-07-29,3623000
2017-07-30,3623000
2017-07-31,3620000
2017-08-01,3620000
2017-08-02,3621000
2017-08-03,3624000
2017-08-04,3628000
2017-08-05,3625000
2017-08-06,3625000
2017-08-07,3621000
2017-08-08,3620000
2017-08-09,3619000
2017-08-10,3631000
2017-08-11,3641000
2017-08-12,3641000
2017-08-13,3641000
2017-08-14,3636000
2017-08-15,3625000
2017-08-16,3621000
2017-08-17,3630000
2017-08-18,3641000
2017-08-19,3638000
2017-08-20,3638000
2017-08-21,3636000
2017-08-22,3632000
2017-08-23,3631000
2017-08-24,3629000
2017-08-25,3634000
2017-08-26,3637000
2017-08-27,3637000
2017-08-28,3636000
2017-08-29,3658000
2017-08-30,3648000
2017-08-31,3644000
2017-09-01,3652000
2017-09-02,3652000
2017-09-03,3652000
2017-09-04,3652000
2017-09-05,3666000
2017-09-06,3692000
2017-09-07,3695000
2017-09-08,3713000
2017-09-09,3700000
2017-09-10,3700000
2017-09-11,3686000
2017-09-12,3660000
2017-09-13,3664000
2017-09-14,3658000
2017-09-15,3670000
2017-09-16,3669000
2017-09-17,3669000
2017-09-18,3665000
2017-09-19,3665000
2017-09-20,3670000
2017-09-21,3656000
2017-09-22,3657000
2017-09-23,3661000
2017-09-24,3661000
2017-09-25,3659000
2017-09-26,3660000
2017-09-27,3649000
2017-09-28,3646000
2017-09-29,3653000
2017-09-30,3648000
2017-10-01,3648000
2017-10-02,3637000
2017-10-03,3634000
2017-10-04,3642000
2017-10-05,3648000
2017-10-06,3644000
2017-10-07,3648000
2017-10-08,3648000
2017-10-09,3650000
2017-10-10,3652000
2017-10-11,3651000
2017-10-12,3654000
2017-10-13,3653000
2017-10-14,3658000
2017-10-15,3658000
2017-10-16,3656000
2017-10-17,3643000
2017-10-18,3638000
2017-10-19,3639000
2017-10-20,3640000
2017-10-21,3641000
2017-10-22,3641000
2017-10-23,3642000
2017-10-24,3639000
2017-10-25,3635000
2017-10-26,3637000
2017-10-27,3638000
2017-10-28,3642000
2017-10-29,3642000
2017-10-30,3638000
2017-10-31,3646000
2017-11-01,3652000
2017-11-02,3651000
2017-11-03,3648000
2017-11-04,3647000
2017-11-05,3647000
2017-11-06,3651000
2017-11-07,3650000
2017-11-08,3652000
2017-11-09,3652000
2017-11-10,3651000
2017-11-11,3650000
2017-11-12,3650000
2017-11-13,3649000
2017-11-14,3640000
2017-11-15,3650000
2017-11-16,3641000
2017-11-17,3642000
2017-11-18,3649000
2017-11-19,3649000
2017-11-20,3645000
2017-11-21,3646000
2017-11-22,3648000
2017-11-23,3645000
2017-11-24,3647000
2017-11-25,3640000
2017-11-26,3647000
2017-11-27,3643000
2017-11-28,3647000
2017-11-29,3645000
2017-11-30,3640000
2017-12-01,3641000
2017-12-02,3643000
2017-12-03,3643000
2017-12-04,3642000
2017-12-05,3638000
2017-12-06,3637000
2017-12-07,3634000
2017-12-08,3625000
2017-12-09,3629000
2017-12-10,3629000
2017-12-11,3639000
2017-12-12,3635000
2017-12-13,3635000
2017-12-14,3638000
2017-12-15,3639000
2017-12-16,3641000
2017-12-17,3641000
2017-12-18,3638000
2017-12-19,3641000
2017-12-20,3636000
2017-12-21,3637000
2017-12-22,3641000
2017-12-23,3647000
2017-12-24,3647000
2017-12-25,3644000
2017-12-26,3642000
2017-12-27,3646000
2017-12-28,3647000
2017-12-29,3648000
2017-12-30,3654000
2017-12-31,3654000
2018-01-01,3654000
2018-01-02,3663000
2018-01-03,3658000
2018-01-04,3652000
2018-01-05,3656000
2018-01-06,3654000
2018-01-07,3654000
2018-01-08,3648000
2018-01-09,3649000
2018-01-10,3650000
2018-01-11,3652000
2018-01-12,3668000
2018-01-13,3682000
2018-01-14,3682000
2018-01-15,3686000
2018-01-16,3674000
2018-01-17,3674000
2018-01-18,3666000
2018-01-19,3675000
2018-01-20,3673000
2018-01-21,3673000
2018-01-22,3676000
2018-01-23,3676000
2018-01-24,3690000
2018-01-25,3706000
2018-01-26,3699000
2018-01-27,3693000
2018-01-28,3693000
2018-01-29,3683000
2018-01-30,3680000
2018-01-31,3676000
2018-02-01,3676000
2018-02-02,3681000
2018-02-03,3675000
2018-02-04,3675000
2018-02-05,3673000
2018-02-06,3681000
2018-02-07,3674000
2018-02-08,3658000
2018-02-09,3668000
2018-02-10,3681000
2018-02-11,3681000
2018-02-12,3688000
2018-02-13,3692000
2018-02-14,3692000
2018-02-15,3692000
2018-02-16,3692000
2018-02-17,3692000
2018-02-18,3692000
2018-02-19,3692000
2018-02-20,3692000
2018-02-21,3700000
2018-02-22,3694000
2018-02-23,3690000
2018-02-24,3685000
2018-02-25,3685000
2018-02-26,3688000
2018-02-27,3680000
2018-02-28,3662000
2018-03-01,3656000
2018-03-02,3666000
2018-03-03,3673000
2018-03-04,3673000
2018-03-05,3673000
2018-03-06,3671000
2018-03-07,3672000
2018-03-08,3671000
2018-03-09,3667000
2018-03-10,3671000
2018-03-11,3671000
2018-03-12,3663000
2018-03-13,3662000
2018-03-14,3666000
2018-03-15,3667000
2018-03-16,3669000
2018-03-17,3662000
2018-03-18,3662000
2018-03-19,3658000
2018-03-20,3658000
2018-03-21,3660000
2018-03-22,3665000
2018-03-23,3680000
2018-03-24,3693000
2018-03-25,3693000
2018-03-26,3692000
2018-03-27,3690000
2018-03-28,3677000
2018-03-29,3660000
2018-03-30,3672000
2018-03-31,3667000
2018-04-01,3667000
2018-04-02,3670000
2018-04-03,3676000
2018-04-04,3682000
2018-04-05,3665000
2018-04-06,3667000
2018-04-07,3669000
2018-04-08,3669000
2018-04-09,3668000
2018-04-10,3675000
2018-04-11,3683000
2018-04-12,3689000
2018-04-13,3685000
2018-04-14,3699000
2018-04-15,3699000
2018-04-16,3692000
2018-04-17,3690000
2018-04-18,3690000
2018-04-19,3692000
2018-04-20,3682000
2018-04-21,3680000
2018-04-22,3680000
2018-04-23,3669000
2018-04-24,3671000
2018-04-25,3671000
2018-04-26,3667000
2018-04-27,3667000
2018-04-28,3667000
2018-04-29,3667000
2018-04-30,3667000
2018-05-01,3667000
2018-05-02,3661000
2018-05-03,3666000
2018-05-04,3661000
2018-05-05,3664000
2018-05-06,3664000
2018-05-07,3662000
2018-05-08,3660000
2018-05-09,3661000
2018-05-10,3664000
2018-05-11,3670000
2018-05-12,3669000
2018-05-13,3669000
2018-05-14,3667000
2018-05-15,3662000
2018-05-16,3654000
2018-05-17,3654000
2018-05-18,3655000
2018-05-19,3662000
2018-05-20,3662000
2018-05-21,3657000
2018-05-22,3656000
2018-05-23,3660000
2018-05-24,3661000
2018-05-25,3665000
2018-05-26,3663000
2018-05-27,3663000
2018-05-28,3660000
2018-05-29,3664000
2018-05-30,3661000
2018-05-31,3662000
2018-06-01,3663000
2018-06-02,3661000
2018-06-03,3661000
2018-06-04,3660000
2018-06-05,3660000
2018-06-06,3660000
2018-06-07,3662000
2018-06-08,3668000
2018-06-09,3670000
2018-06-10,3670000
2018-06-11,3680000
2018-06-12,3692000
2018-06-13,3684000
2018-06-14,3685000
2018-06-15,3685000
2018-06-16,3672000
2018-06-17,3672000
2018-06-18,3680000
2018-06-19,3680000
2018-06-20,3680000
2018-06-21,3673000
2018-06-22,3684000
2018-06-23,3682000
2018-06-24,3682000
2018-06-25,3680000
2018-06-26,3671000
2018-06-27,3672000
2018-06-28,3667000
2018-06-29,3662000
2018-06-30,3667000
2018-07-01,3667000
2018-07-02,3672000
2018-07-03,3671000
2018-07-04,3670000
2018-07-05,3672000
2018-07-06,3678000
2018-07-07,3681000
2018-07-08,3681000
2018-07-09,3689000
2018-07-10,3686000
2018-07-11,3688000
2018-07-12,3684000
2018-07-13,3689000
2018-07-14,3688000
2018-07-15,3688000
2018-07-16,3684000
2018-07-17,3681000
2018-07-18,3664000
2018-07-19,3660000
2018-07-20,3671000
2018-07-21,3677000
2018-07-22,3677000
2018-07-23,3678000
2018-07-24,3682000
2018-07-25,3686000
2018-07-26,3676000
2018-07-27,3677000
2018-07-28,3678000
2018-07-29,3678000
2018-07-30,3677000
2018-07-31,3671000
2018-08-01,3672000
2018-08-02,3666000
2018-08-03,3668000
2018-08-04,3672000
2018-08-05,3672000
2018-08-06,3671000
2018-08-07,3674000
2018-08-08,3666000
2018-08-09,3670000
2018-08-10,3670000
2018-08-11,3671000
2018-08-12,3671000
2018-08-13,3665000
2018-08-14,3664000
2018-08-15,3663000
2018-08-16,3665000
2018-08-17,3664000
2018-08-18,3668000
2018-08-19,3668000
2018-08-20,3663000
2018-08-21,3663000
2018-08-22,3666000
2018-08-23,3663000
2018-08-24,3665000
2018-08-25,3669000
2018-08-26,3669000
2018-08-27,3667000
2018-08-28,3667000
2018-08-29,3662000
2018-08-30,3665000
2018-08-31,3666000
2018-09-01,3666000
2018-09-02,3666000
2018-09-03,3666000
2018-09-04,3662000
2018-09-05,3663000
2018-09-06,3667000
2018-09-07,3665000
2018-09-08,3663000
2018-09-09,3663000
2018-09-10,3658000
2018-09-11,3659000
2018-09-12,3658000
2018-09-13,3659000
2018-09-14,3660000
2018-09-15,3657000
2018-09-16,3657000
2018-09-17,3659000
2018-09-18,3658000
2018-09-19,3658000
2018-09-20,3656000
2018-09-21,3658000
2018-09-22,3656000
2018-09-23,3656000
2018-09-24,3651000
2018-09-25,3645000
2018-09-26,3644000
2018-09-27,3640000
2018-09-28,3632000
2018-09-29,3640000
2018-09-30,3640000
2018-10-01,3637000
2018-10-02,3641000
2018-10-03,3641000
2018-10-04,3642000
2018-10-05,3642000
2018-10-06,3642000
2018-10-07,3642000
2018-10-08,3643000
2018-10-09,3641000
2018-10-10,3639000
2018-10-11,3644000
2018-10-12,3650000
2018-10-13,3650000
2018-10-14,3650000
2018-10-15,3656000
2018-10-16,3651000
2018-10-17,3655000
2018-10-18,3653000
2018-10-19,3652000
2018-10-20,3652000
2018-10-21,3652000
2018-10-22,3648000
2018-10-23,3653000
2018-10-24,3652000
2018-10-25,3649000
2018-10-26,3653000
2018-10-27,3648000
2018-10-28,3648000
2018-10-29,3646000
2018-10-30,3641000
2018-10-31,3636000
2018-11-01,3642000
2018-11-02,3646000
2018-11-03,3647000
2018-11-04,3647000
2018-11-05,3643000
2018-11-06,3642000
2018-11-07,3645000
2018-11-08,3640000
2018-11-09,3638000
2018-11-10,3636000
2018-11-11,3636000
2018-11-12,3636000
2018-11-13,3636000
2018-11-14,3637000
2018-11-15,3646000
2018-11-16,3650000
2018-11-17,3655000
2018-11-18,3655000
2018-11-19,3650000
2018-11-20,3647000
2018-11-21,3647000
2018-11-22,3644000
2018-11-23,3640000
2018-11-24,3640000
2018-11-25,3640000
2018-11-26,3639000
2018-11-27,3636000
2018-11-28,3632000
2018-11-29,3638000
2018-11-30,3635000
2018-12-01,3635000
2018-12-02,3635000
2018-12-03,3637000
2018-12-04,3637000
2018-12-05,3632000
2018-12-06,3629000
2018-12-07,3630000
2018-12-08,3642000
2018-12-09,3642000
2018-12-10,3638000
2018-12-11,3633000
2018-12-12,3624000
2018-12-13,3624000
2018-12-14,3628000
2018-12-15,3630000
2018-12-16,3630000
2018-12-17,3630000
2018-12-18,3628000
2018-12-19,3629000
2018-12-20,3629000
2018-12-21,3629000
2018-12-22,3628000
2018-12-23,3628000
2018-12-24,3630000
2018-12-25,3627000
2018-12-26,3634000
2018-12-27,3632000
2018-12-28,3640000
2018-12-29,3633000
2018-12-30,3633000
2018-12-31,3627000
2019-01-01,3627000
2019-01-02,3656000
2019-01-03,3660000
2019-01-04,3664000
2019-01-05,3660000
2019-01-06,3660000
2019-01-07,3667000
2019-01-08,3659000
2019-01-09,3654000
2019-01-10,3662000
2019-01-11,3662000
2019-01-12,3658000
2019-01-13,3658000
2019-01-14,3654000
2019-01-15,3651000
2019-01-16,3650000
2019-01-17,3662000
2019-01-18,3660000
2019-01-19,3657000
2019-01-20,3657000
2019-01-21,3643000
2019-01-22,3638000
2019-01-23,3641000
2019-01-24,3638000
2019-01-25,3650000
2019-01-26,3668000
2019-01-27,3668000
2019-01-28,3663000
2019-01-29,3672000
2019-01-30,3676000
2019-01-31,3695000
2019-02-01,3680000
2019-02-02,3680000
2019-02-03,3680000
2019-02-04,3680000
2019-02-05,3680000
2019-02-06,3680000
2019-02-07,3680000
2019-02-08,3680000
2019-02-09,3680000
2019-02-10,3680000
2019-02-11,3694000
2019-02-12,3700000
2019-02-13,3685000
2019-02-14,3650000
2019-02-15,3671000
2019-02-16,3680000
2019-02-17,3680000
2019-02-18,3682000
2019-02-19,3686000
2019-02-20,3704000
2019-02-21,3695000
2019-02-22,3694000
2019-02-23,3694000
2019-02-24,3694000
2019-02-25,3693000
2019-02-26,3691000
2019-02-27,3691000
2019-02-28,3685000
2019-03-01,3666000
2019-03-02,3651000
2019-03-03,3651000
2019-03-04,3646000
2019-03-05,3650000
2019-03-06,3650000
2019-03-07,3650000
2019-03-08,3653000
2019-03-09,3655000
2019-03-10,3655000
2019-03-11,3655000
2019-03-12,3653000
2019-03-13,3664000
2019-03-14,3652000
2019-03-15,3652000
2019-03-16,3655000
2019-03-17,3655000
2019-03-18,3656000
2019-03-19,3657000
2019-03-20,3655000
2019-03-21,3665000
2019-03-22,3662000
2019-03-23,3665000
2019-03-24,3665000
2019-03-25,3668000
2019-03-26,3668000
2019-03-27,3670000
2019-03-28,3662000
2019-03-29,3645000
2019-03-30,3645000
2019-03-31,3645000
2019-04-01,3643000
2019-04-02,3634000
2019-04-03,3639000
2019-04-04,3636000
2019-04-05,3634000
2019-04-06,3636000
2019-04-07,3636000
2019-04-08,3640000
2019-04-09,3644000
2019-04-10,3645000
2019-04-11,3645000
2019-04-12,3639000
2019-04-13,3637000
2019-04-14,3637000
2019-04-15,3637000
2019-04-16,3632000
2019-04-17,3622000
2019-04-18,3626000
2019-04-19,3626000
2019-04-20,3625000
2019-04-21,3625000
2019-04-22,3624000
2019-04-23,3620000
2019-04-24,3620000
2019-04-25,3626000
2019-04-26,3630000
2019-04-27,3630000
2019-04-28,3630000
2019-04-29,3630000
2019-04-30,3630000
2019-05-01,3630000
2019-05-02,3617000
2019-05-03,3612000
2019-05-04,3621000
2019-05-05,3621000
2019-05-06,3622000
2019-05-07,3622000
2019-05-08,3624000
2019-05-09,3623000
2019-05-10,3630000
2019-05-11,3628000
2019-05-12,3628000
2019-05-13,3625000
2019-05-14,3642000
2019-05-15,3639000
2019-05-16,3638000
2019-05-17,3635000
2019-05-18,3630000
2019-05-19,3630000
2019-05-20,3625000
2019-05-21,3619000
2019-05-22,3618000
2019-05-23,3621000
2019-05-24,3629000
2019-05-25,3630000
2019-05-26,3630000
2019-05-27,3630000
2019-05-28,3626000
2019-05-29,3625000
2019-05-30,3623000
2019-05-31,3642000
2019-06-01,3656000
2019-06-02,3656000
2019-06-03,3667000
2019-06-04,3684000
2019-06-05,3698000
2019-06-06,3705000
2019-06-07,3703000
2019-06-08,3726000
2019-06-09,3726000
2019-06-10,3710000
2019-06-11,3693000
2019-06-12,3718000
2019-06-13,3724000
2019-06-14,3760000
2019-06-15,3744000
2019-06-16,3744000
2019-06-17,3733000
2019-06-18,3751000
2019-06-19,3748000
2019-06-20,3822000
2019-06-21,3840000
2019-06-22,3860000
2019-06-23,3860000
2019-06-24,3870000
2019-06-25,3910000
2019-06-26,3880000
2019-06-27,3850000
2019-06-28,3870000
2019-06-29,3865000
2019-06-30,3865000
2019-07-01,3815000
2019-07-02,3820000
2019-07-03,3885000
2019-07-04,3875000
2019-07-05,3885000
2019-07-06,3860000
2019-07-07,3860000
2019-07-08,3885000
2019-07-09,3858000
2019-07-10,3870000
2019-07-11,3910000
2019-07-12,3895000
2019-07-13,3905000
2019-07-14,3905000
2019-07-15,3912000
2019-07-16,3920000
2019-07-17,3898000
2019-07-18,3927000
2019-07-19,3965000
2019-07-20,3940000
2019-07-21,3940000
2019-07-22,3955000
2019-07-23,3945000
2019-07-24,3955000
2019-07-25,3960000
2019-07-26,3940000
2019-07-27,3943000
2019-07-28,3943000
2019-07-29,3950000
2019-07-30,3960000
2019-07-31,3968000
2019-08-01,3924000
2019-08-02,3970000
2019-08-03,3975000
2019-08-04,3975000
2019-08-05,4035000
2019-08-06,4060000
2019-08-07,4135000
2019-08-08,4190000
2019-08-09,4160000
2019-08-10,4145000
2019-08-11,4145000
2019-08-12,4145000
2019-08-13,4200000
2019-08-14,4145000
2019-08-15,4170000
2019-08-16,4145000
2019-08-17,4160000
2019-08-18,4160000
2019-08-19,4130000
2019-08-20,4150000
2019-08-21,4135000
2019-08-22,4147000
2019-08-23,4160000
2019-08-24,4210000
2019-08-25,4210000
2019-08-26,4245000
2019-08-27,4235000
2019-08-28,4245000
2019-08-29,4255000
2019-08-30,4235000
2019-08-31,4230000
2019-09-01,4230000
2019-09-02,4230000
2019-09-03,4245000
2019-09-04,4245000
2019-09-05,4255000
2019-09-06,4215000
2019-09-07,4210000
2019-09-08,4210000
2019-09-09,4185000
2019-09-10,4150000
2019-09-11,4140000
2019-09-12,4165000
2019-09-13,4190000
2019-09-14,4160000
2019-09-15,4160000
2019-09-16,4160000
2019-09-17,4160000
2019-09-18,4175000
2019-09-19,4165000
2019-09-20,4170000
2019-09-21,4195000
2019-09-22,4195000
2019-09-23,4200000
2019-09-24,4210000
2019-09-25,4225000
2019-09-26,4200000
2019-09-27,4170000
2019-09-28,4170000
2019-09-29,4170000
2019-09-30,4145000
2019-10-01,4095000
2019-10-02,4125000
2019-10-03,4170000
2019-10-04,4185000
2019-10-05,4180000
2019-10-06,4180000
2019-10-07,4165000
2019-10-08,4165000
2019-10-09,4183000
2019-10-10,4185000
2019-10-11,4178000
2019-10-12,4150000
2019-10-13,4150000
2019-10-14,4155000
2019-10-15,4157000
2019-10-16,4145000
2019-10-17,4140000
2019-10-18,4145000
2019-10-19,4148000
2019-10-20,4148000
2019-10-21,4155000
2019-10-22,4147000
2019-10-23,4155000
2019-10-24,4155000
2019-10-25,4176000
2019-10-26,4176000
2019-10-27,4176000
2019-10-28,4180000
2019-10-29,4167000
2019-10-30,4157000
2019-10-31,4175000
2019-11-01,4192000
2019-11-02,4190000
2019-11-03,4190000
2019-11-04,4182000
2019-11-05,4176000
2019-11-06,4160000
2019-11-07,4162000
2019-11-08,4138000
2019-11-09,4130000
2019-11-10,4130000
2019-11-11,4128000
2019-11-12,4110000
2019-11-13,4120000
2019-11-14,4125000
2019-11-15,4121000
2019-11-16,4130000
2019-11-17,4130000
2019-11-18,4124000
2019-11-19,4130000
2019-11-20,4143000
2019-11-21,4140000
2019-11-22,4137000
2019-11-23,4128000
2019-11-24,4128000
2019-11-25,4119000
2019-11-26,4126000
2019-11-27,4120000
2019-11-28,4111000
2019-11-29,4120000
2019-11-30,4127000
2019-12-01,4127000
2019-12-02,4117000
2019-12-03,4125000
2019-12-04,4140000
2019-12-05,4138000
2019-12-06,4135000
2019-12-07,4123000
2019-12-08,4123000
2019-12-09,4130000
2019-12-10,4122000
2019-12-11,4123000
2019-12-12,4133000
2019-12-13,4127000
2019-12-14,4137000
2019-12-15,4137000
2019-12-16,4143000
2019-12-17,4145000
2019-12-18,4145000
2019-12-19,4134000
2019-12-20,4141000
2019-12-21,4145000
2019-12-22,4145000
2019-12-23,4155000
2019-12-24,4171000
2019-12-25,4190000
2019-12-26,4190000
2019-12-27,4205000
2019-12-28,4205000
2019-12-29,4205000
2019-12-30,4215000
2019-12-31,4230000
2020-01-01,4230000
2020-01-02,4230000
2020-01-03,4285000
2020-01-04,4300000
2020-01-05,4300000
2020-01-06,4390000
2020-01-07,4360000
2020-01-08,4410000
2020-01-09,4295000
2020-01-10,4285000
2020-01-11,4330000
2020-01-12,4330000
2020-01-13,4285000
2020-01-14,4295000
2020-01-15,4295000
2020-01-16,4300000
2020-01-17,4315000
2020-01-18,4325000
2020-01-19,4315000
2020-01-20,4350000
2020-01-21,4340000
2020-01-22,4340000
2020-01-23,4340000
2020-01-24,4340000
2020-01-25,4340000
2020-01-26,4340000
2020-01-27,4340000
2020-01-28,4340000
2020-01-29,4340000
2020-01-30,4430000
2020-01-31,4420000
2020-02-01,4460000
2020-02-02,4460000
2020-02-03,4380000
2020-02-04,4350000
2020-02-05,4335000
2020-02-06,4355000
2020-02-07,4360000
2020-02-08,4375000
2020-02-09,4375000
2020-02-10,4400000
2020-02-11,4380000
2020-02-12,4385000
2020-02-13,4395000
2020-02-14,4395000
2020-02-15,4415000
2020-02-16,4415000
2020-02-17,4415000
2020-02-18,4435000
2020-02-19,4478000
2020-02-20,4478000
2020-02-21,4525000
2020-02-22,4560000
2020-02-23,4560000
2020-02-24,4800000
2020-02-25,4650000
2020-02-26,4630000
2020-02-27,4610000
2020-02-28,4585000
2020-02-29,4520000
2020-03-01,4520000
2020-03-02,4605000
2020-03-03,4590000
2020-03-04,4650000
2020-03-05,4655000
2020-03-06,4695000
2020-03-07,4700000
2020-03-08,4700000
2020-03-09,4720000
2020-03-10,4700000
2020-03-11,4695000
2020-03-12,4685000
2020-03-13,4630000
2020-03-14,4570000
2020-03-15,4570000
2020-03-16,4580000
2020-03-17,4500000
2020-03-18,4540000
2020-03-19,4595000
2020-03-20,4585000
2020-03-21,4585000
2020-03-22,4585000
2020-03-23,4580000
2020-03-24,4660000
2020-03-25,4650000
2020-03-26,4680000
2020-03-27,4670000
2020-03-28,4700000
2020-03-29,4700000
2020-03-30,4710000
2020-03-31,4700000
2020-04-01,4700000
2020-04-02,4700000
2020-04-03,4680000
2020-04-04,4680000
2020-04-05,4680000
2020-04-06,4710000
2020-04-07,4695000
2020-04-08,4700000
2020-04-09,4730000
2020-04-10,4730000
2020-04-11,4730000
2020-04-12,4730000
2020-04-13,4750000
2020-04-14,4780000
2020-04-15,4750000
2020-04-16,4765000
2020-04-17,4760000
2020-04-18,4760000
2020-04-19,4760000
2020-04-20,4715000
2020-04-21,4740000
2020-04-22,4745000
2020-04-23,4790000
2020-04-24,4790000
2020-04-25,4790000
2020-04-26,4790000
2020-04-27,4790000
2020-04-28,4800000
2020-04-29,4775000
2020-04-30,4775000
2020-05-01,4775000
2020-05-02,4775000
2020-05-03,4775000
2020-05-04,4800000
2020-05-05,4785000
2020-05-06,4785000
2020-05-07,4780000
2020-05-08,4800000
2020-05-09,4800000
2020-05-10,4800000
2020-05-11,4785000
2020-05-12,4795000
2020-05-13,4805000
2020-05-14,4818000
2020-05-15,4830000
2020-05-16,4830000
2020-05-17,4830000
2020-05-18,4885000
2020-05-19,4855000
2020-05-20,4870000
2020-05-21,4845000
2020-05-22,4850000
2020-05-23,4850000
2020-05-24,4850000
2020-05-25,4855000
2020-05-26,4848000
2020-05-27,4838000
2020-05-28,4850000
2020-05-29,4855000
2020-05-30,4855000
2020-05-31,4855000
2020-06-01,4870000
2020-06-02,4865000
2020-06-03,4850000
2020-06-04,4845000
2020-06-05,4848000
2020-06-06,4848000
2020-06-07,4848000
2020-06-08,4833000
2020-06-09,4838000
2020-06-10,4842000
2020-06-11,4852000
2020-06-12,4852000
2020-06-13,4852000
2020-06-14,4852000
2020-06-15,4835000
2020-06-16,4840000
2020-06-17,4827000
2020-06-18,4837000
2020-06-19,4840000
2020-06-20,4840000
2020-06-21,4840000
2020-06-22,4862000
2020-06-23,4875000
2020-06-24,4910000
2020-06-25,4885000
2020-06-26,4890000
2020-06-27,4890000
2020-06-28,4890000
2020-06-29,4905000
2020-06-30,4909000
2020-07-01,4953000
2020-07-02,4937000
2020-07-03,4960000
2020-07-04,4960000
2020-07-05,4960000
2020-07-06,4970000
2020-07-07,4972000
2020-07-08,5000000
2020-07-09,5040000
2020-07-10,5030000
2020-07-11,5030000
2020-07-12,5030000
2020-07-13,5025000
2020-07-14,5020000
2020-07-15,5035000
2020-07-16,5040000
2020-07-17,5040000
2020-07-18,5040000
2020-07-19,5040000
2020-07-20,5063000
2020-07-21,5115000
2020-07-22,5215000
2020-07-23,5370000
2020-07-24,5330000
2020-07-25,5330000
2020-07-26,5330000
2020-07-27,5540000
2020-07-28,5580000
2020-07-29,5630000
2020-07-30,5650000
2020-07-31,5700000
2020-08-01,5700000
2020-08-02,5700000
2020-08-03,5690000
2020-08-04,5695000
2020-08-05,5815000
2020-08-06,5940000
2020-08-07,6060000
2020-08-08,6060000
2020-08-09,6060000
2020-08-10,5660000
2020-08-11,5380000
2020-08-12,5250000
2020-08-13,5390000
2020-08-14,5450000
2020-08-15,5450000
2020-08-16,5450000
2020-08-17,5500000
2020-08-18,5650000
2020-08-19,5580000
2020-08-20,5520000
2020-08-21,5515000
2020-08-22,5515000
2020-08-23,5515000
2020-08-24,5550000
2020-08-25,5530000
2020-08-26,5480000
2020-08-27,5545000
2020-08-28,5590000
2020-08-29,5590000
2020-08-30,5590000
2020-08-31,5630000
2020-09-01,5670000
2020-09-02,5670000
2020-09-03,5595000
2020-09-04,5575000
2020-09-05,5575000
2020-09-06,5575000
2020-09-07,5570000
2020-09-08,5545000
2020-09-09,5575000
2020-09-10,5610000
2020-09-11,5595000
2020-09-12,5585000
2020-09-13,5595000
2020-09-14,5602000
2020-09-15,5625000
2020-09-16,5635000
2020-09-17,5605000
2020-09-18,5610000
2020-09-19,5610000
2020-09-20,5610000
2020-09-21,5610000
2020-09-22,5575000
2020-09-23,5535000
2020-09-24,5440000
2020-09-25,5515000
2020-09-26,5515000
2020-09-27,5515000
2020-09-28,5475000
2020-09-29,5520000
2020-09-30,5515000
2020-10-01,5565000
2020-10-02,5600000
2020-10-03,5600000
2020-10-04,5600000
2020-10-05,5580000
2020-10-06,5580000
2020-10-07,5560000
2020-10-08,5565000
2020-10-09,5590000
2020-10-10,5590000
2020-10-11,5590000
2020-10-12,5585000
2020-10-13,5610000
2020-10-14,5585000
2020-10-15,5575000
2020-10-16,5585000
2020-10-17,5585000
2020-10-18,5585000
2020-10-19,5590000
2020-10-20,5590000
2020-10-21,5600000
2020-10-22,5600000
2020-10-23,5590000
2020-10-24,5590000
2020-10-25,5590000
2020-10-26,5592000
2020-10-27,5595000
2020-10-28,5590000
2020-10-29,5580000
2020-10-30,5590000
2020-10-31,5590000
2020-11-01,5590000
2020-11-02,5615000
2020-11-03,5630000
2020-11-04,5590000
2020-11-05,5605000
2020-11-06,5630000
2020-11-07,5630000
2020-11-08,5630000
2020-11-09,5660000
2020-11-10,5595000
2020-11-11,5595000
2020-11-12,5585000
2020-11-13,5588000
2020-11-14,5590000
2020-11-15,5588000
2020-11-16,5597000
2020-11-17,5585000
2020-11-18,5580000
2020-11-19,5570000
2020-11-20,5573000
2020-11-21,5575000
2020-11-22,5573000
2020-11-23,5565000
2020-11-24,5505000
2020-11-25,5425000
2020-11-26,5455000
2020-11-27,5450000
2020-11-28,5400000
2020-11-29,5450000
2020-11-30,5300000
2020-12-01,5385000
2020-12-02,5450000
2020-12-03,5475000
2020-12-04,5470000
2020-12-05,5460000
2020-12-06,5470000
2020-12-07,5450000
2020-12-08,5485000
2020-12-09,5465000
2020-12-10,5460000
2020-12-11,5475000
2020-12-12,5475000
2020-12-13,5460000
2020-12-14,5460000
2020-12-15,5480000
2020-12-16,5500000
2020-12-17,5505000
2020-12-18,5505000
2020-12-19,5500000
2020-12-20,5505000
2020-12-21,5520000
2020-12-22,5505000
2020-12-23,5515000
2020-12-24,5525000
2020-12-25,5535000
2020-12-26,5530000
2020-12-27,5530000
2020-12-28,5530000
2020-12-29,5545000
2020-12-30,5545000
2020-12-31,5550000
2021-01-01,5555000
2021-01-02,5560000
2021-01-03,5550000
2021-01-04,5640000
2021-01-05,5670000
2021-01-06,5685000
2021-01-07,5630000
2021-01-08,5575000
2021-01-09,5530000
2021-01-10,5575000
2021-01-11,5580000
2021-01-12,5615000
2021-01-13,5595000
2021-01-14,5590000
2021-01-15,5615000
2021-01-16,5580000
2021-01-17,5615000
2021-01-18,5585000
2021-01-19,5590000
2021-01-20,5615000
2021-01-21,5610000
2021-01-22,5595000
2021-01-23,5585000
2021-01-24,5595000
2021-01-25,5620000
2021-01-26,5620000
2021-01-27,5615000
2021-01-28,5620000
2021-01-29,5635000
2021-01-30,5625000
2021-01-31,5635000
2021-02-01,5660000
2021-02-02,5635000
2021-02-03,5640000
2021-02-04,5625000
2021-02-05,5640000
2021-02-06,5635000
2021-02-07,5640000
2021-02-08,5650000
2021-02-09,5680000
2021-02-10,5675000
2021-02-11,5675000
2021-02-12,5675000
2021-02-13,5675000
2021-02-14,5675000
2021-02-15,5675000
2021-02-16,5680000
2021-02-17,5645000
2021-02-18,5620000
2021-02-19,5590000
2021-02-20,5565000
2021-02-21,5590000
2021-02-22,5605000
2021-02-23,5615000
2021-02-24,5620000
2021-02-25,5615000
2021-02-26,5602000
2021-02-27,5570000
2021-02-28,5602000
2021-03-01,5594000
2021-03-02,5575000
2021-03-03,5565000
2021-03-04,5565000
2021-03-05,5500000
2021-03-06,5510000
2021-03-07,5500000
2021-03-08,5513000
2021-03-09,5480000
2021-03-10,5503000
2021-03-11,5550000
2021-03-12,5520000
2021-03-13,5535000
2021-03-14,5520000
2021-03-15,5540000
2021-03-16,5525000
2021-03-17,5525000
2021-03-18,5502000
2021-03-19,5515000
2021-03-20,5515000
2021-03-21,5515000
2021-03-22,5515000
2021-03-23,5523000
2021-03-24,5515000
2021-03-25,5505000
2021-03-26,5495000
2021-03-27,5490000
2021-03-28,5495000
2021-03-29,5482000
2021-03-30,5447000
2021-03-31,5415000
2021-04-01,5455000
2021-04-02,5500000
2021-04-03,5492000
2021-04-04,5500000
2021-04-05,5475000
2021-04-06,5495000
2021-04-07,5487000
2021-04-08,5500000
2021-04-09,5490000
2021-04-10,5480000
2021-04-11,5490000
2021-04-12,5495000
2021-04-13,5482000
2021-04-14,5492000
2021-04-15,5502000
2021-04-16,5517000
2021-04-17,5517000
2021-04-18,5517000
2021-04-19,5580000
2021-04-20,5550000
2021-04-21,5550000
2021-04-22,5552000
2021-04-23,5545000
2021-04-24,5510000
2021-04-25,5545000
2021-04-26,5517000
2021-04-27,5538000
2021-04-28,5535000
2021-04-29,5532000
2021-04-30,5530000
2021-05-01,5530000
2021-05-02,5530000
2021-05-03,5532000
2021-05-04,5545000
2021-05-05,5540000
2021-05-06,5542000
2021-05-07,5562000
2021-05-08,5573000
2021-05-09,5562000
2021-05-10,5605000
2021-05-11,5595000
2021-05-12,5582000
2021-05-13,5575000
2021-05-14,5595000
2021-05-15,5592000
2021-05-16,5595000
2021-05-17,5605000
2021-05-18,5615000
2021-05-19,5590000
2021-05-20,5605000
2021-05-21,5610000
2021-05-22,5608000
2021-05-23,5610000
2021-05-24,5602000
2021-05-25,5610000
